{
    "data": [
        {
            "id": 21,
            "title": "Progress candidates in the UI UX Designer role for Atlassian",
            "startAt": "2021-05-27T00:00:00+10:00",
            "endAt": "2021-05-27T00:00:00+10:00",
            "isAllDay": false,
            "isCompleted": false,
            "isSuggested": true,
            "priority": "LOW",
            "isReminder": false,
            "remindAt": "2021-05-27T00:00:00+10:00"
        },
        {
            "id": 11,
            "title": "Old task not completed",
            "startAt": "2021-05-11T00:00:00+10:00",
            "endAt": "2021-05-11T00:00:00+10:00",
            "isAllDay": true,
            "isCompleted": false,
            "isSuggested": false,
            "priority": "MEDIUM",
            "isReminder": false,
            "remindAt": "2021-05-27T00:00:00+10:00"
        },
        {
            "id": 12,
            "title": "Call client and ask for latest payment:Invoice 13289 and it has to be paid by end of the week.",
            "startAt": "2021-05-27T00:00:00+10:00",
            "endAt": "2021-05-27T00:00:00+10:00",
            "isAllDay": true,
            "isCompleted": false,
            "isSuggested": false,
            "priority": "MEDIUM",
            "isReminder": false,
            "remindAt": "2021-05-27T00:00:00+10:00"
        },
        {
            "id": 13,
            "title": "Interview with the vampire that will knock your socks off",
            "startAt": "2021-05-27T09:30:00+10:00",
            "endAt": "2021-05-27T10:30:00+10:00",
            "isAllDay": false,
            "isCompleted": false,
            "isSuggested": false,
            "priority": "HIGH",
            "isReminder": false,
            "remindAt": "2021-05-27T00:00:00+10:00"
        },
        {
            "id": 14,
            "title": "Task title that may describe some specific task to be done",
            "startAt": "2021-05-27T11:45:00+10:00",
            "endAt": "2021-05-27T12:45:00+10:00",
            "isAllDay": false,
            "isCompleted": false,
            "isSuggested": false,
            "priority": "HIGH",
            "isReminder": false,
            "remindAt": "2021-05-27T00:00:00+10:00"
        },
        {
            "id": 15,
            "title": "Get more developer jobs from Canva",
            "startAt": "2021-05-27T16:00:00+10:00",
            "endAt": "2021-05-27T17:00:00+10:00",
            "isAllDay": false,
            "isCompleted": true,
            "isSuggested": false,
            "priority": "LOW",
            "isReminder": false,
            "remindAt": "2021-05-27T00:00:00+10:00"
        },
        {
            "id": 16,
            "title": "Call interview candidates",
            "startAt": "2021-05-27T17:30:00+10:00",
            "endAt": "2021-05-27T18:00:00+10:00",
            "isAllDay": false,
            "isCompleted": false,
            "isSuggested": false,
            "priority": "LOW",
            "isReminder": false,
            "remindAt": "2021-05-27T00:00:00+10:00"
        },
        {
            "id": 17,
            "title": "Another interesting task",
            "startAt": "2021-05-27T12:00:00+10:00",
            "endAt": "2021-05-27T13:00:00+10:00",
            "isAllDay": false,
            "isCompleted": false,
            "isSuggested": false,
            "priority": "LOW",
            "isReminder": false,
            "remindAt": "2021-05-27T00:00:00+10:00"
        },
        {
            "id": 18,
            "title": "Take a break!",
            "startAt": "2021-05-27T10:00:00+10:00",
            "endAt": "2021-05-27T10:15:00+10:00",
            "isAllDay": false,
            "isCompleted": false,
            "isSuggested": false,
            "priority": "LOW",
            "isReminder": false,
            "remindAt": "2021-05-27T00:00:00+10:00"
        }
    ]
}
