{
    "data": [
        {
            "id": 1,
            "interviewType": "Internal Interview",
            "title": "Senior Product Manager",
            "participantType": "Candidate",
            "firstName": "George",
            "lastName": "Yudin",
            "startAt": "2021-05-27T09:30:00+10:00",
            "endAt": "2021-05-27T10:30:00+10:00"
        },
        {
            "id": 2,
            "interviewType": "Video Interview",
            "title": "Product Designer",
            "participantType": "Candidate",
            "firstName": "Monica",
            "lastName": "Seles",
            "startAt": "2021-05-27T11:30:00+10:00",
            "endAt": "2021-05-27T12:30:00+10:00"
        },
        {
            "id": 3,
            "interviewType": "Video Interview",
            "title": "Executive Assistant",
            "participantType": "Candidate",
            "firstName": "Simona",
            "lastName": "Bartok",
            "startAt": "2021-05-27T15:30:00+10:00",
            "endAt": "2021-05-27T16:30:00+10:00"
        }
    ]
}
