{"data":[{"firstname":"Morton","lastname":"Jenkins","emailaddress":"burdette.grimes69@gmail.com","mobile":"0451600455","avatarurl":"https://cloudflare-ipfs.com/ipfs/Qmd3W5DuhgHirLHGVixi6V76LhCkZUz6pnFt5AJBiyvHye/avatar/799.jpg","id":1},{"firstname":"Ella","lastname":"Luettgen","emailaddress":"gloria12@hotmail.com","mobile":"0445812716","avatarurl":"https://cloudflare-ipfs.com/ipfs/Qmd3W5DuhgHirLHGVixi6V76LhCkZUz6pnFt5AJBiyvHye/avatar/183.jpg","id":2},{"firstname":"Sim","lastname":"Hayes","emailaddress":"rosalee.rohan@yahoo.com","mobile":"0447664663","avatarurl":"https://cloudflare-ipfs.com/ipfs/Qmd3W5DuhgHirLHGVixi6V76LhCkZUz6pnFt5AJBiyvHye/avatar/113.jpg","id":3},{"firstname":"Kavon","lastname":"Johnson","emailaddress":"anissa.stiedemann7@hotmail.com","mobile":"0410625315","avatarurl":"https://cloudflare-ipfs.com/ipfs/Qmd3W5DuhgHirLHGVixi6V76LhCkZUz6pnFt5AJBiyvHye/avatar/853.jpg","id":4},{"firstname":"Kira","lastname":"Stiedemann","emailaddress":"buster_reilly79@yahoo.com","mobile":"0427002714","avatarurl":"https://cloudflare-ipfs.com/ipfs/Qmd3W5DuhgHirLHGVixi6V76LhCkZUz6pnFt5AJBiyvHye/avatar/542.jpg","id":5},{"firstname":"Bernard","lastname":"Robel","emailaddress":"shanna79@yahoo.com","mobile":"0439824248","avatarurl":"https://cloudflare-ipfs.com/ipfs/Qmd3W5DuhgHirLHGVixi6V76LhCkZUz6pnFt5AJBiyvHye/avatar/1141.jpg","id":6},{"firstname":"Edythe","lastname":"Conroy","emailaddress":"sanford20@hotmail.com","mobile":"0436660776","avatarurl":"https://cloudflare-ipfs.com/ipfs/Qmd3W5DuhgHirLHGVixi6V76LhCkZUz6pnFt5AJBiyvHye/avatar/1002.jpg","id":7},{"firstname":"Francis","lastname":"White","emailaddress":"ruth_king@gmail.com","mobile":"0465850124","avatarurl":"https://cloudflare-ipfs.com/ipfs/Qmd3W5DuhgHirLHGVixi6V76LhCkZUz6pnFt5AJBiyvHye/avatar/597.jpg","id":8},{"firstname":"Jodie","lastname":"Hauck","emailaddress":"carter71@yahoo.com","mobile":"0428629391","avatarurl":"https://cloudflare-ipfs.com/ipfs/Qmd3W5DuhgHirLHGVixi6V76LhCkZUz6pnFt5AJBiyvHye/avatar/995.jpg","id":9},{"firstname":"Dominic","lastname":"Anderson","emailaddress":"annetta.turcotte@hotmail.com","mobile":"0460336413","avatarurl":"https://cloudflare-ipfs.com/ipfs/Qmd3W5DuhgHirLHGVixi6V76LhCkZUz6pnFt5AJBiyvHye/avatar/911.jpg","id":10},{"firstname":"Alyce","lastname":"Walter","emailaddress":"cassandre.denesik61@hotmail.com","mobile":"0489766555","avatarurl":"https://cloudflare-ipfs.com/ipfs/Qmd3W5DuhgHirLHGVixi6V76LhCkZUz6pnFt5AJBiyvHye/avatar/248.jpg","id":11},{"firstname":"Montana","lastname":"Koepp","emailaddress":"demarcus.bechtelar@gmail.com","mobile":"0455947181","avatarurl":"https://cloudflare-ipfs.com/ipfs/Qmd3W5DuhgHirLHGVixi6V76LhCkZUz6pnFt5AJBiyvHye/avatar/732.jpg","id":12},{"firstname":"Kaden","lastname":"Wehner","emailaddress":"crystel_wolff@hotmail.com","mobile":"040093832","avatarurl":"https://cloudflare-ipfs.com/ipfs/Qmd3W5DuhgHirLHGVixi6V76LhCkZUz6pnFt5AJBiyvHye/avatar/1023.jpg","id":13},{"firstname":"Kaycee","lastname":"Adams","emailaddress":"bryana15@hotmail.com","mobile":"049667317","avatarurl":"https://cloudflare-ipfs.com/ipfs/Qmd3W5DuhgHirLHGVixi6V76LhCkZUz6pnFt5AJBiyvHye/avatar/1241.jpg","id":14},{"firstname":"Clyde","lastname":"Schinner","emailaddress":"brooke_buckridge37@hotmail.com","mobile":"0456794926","avatarurl":"https://cloudflare-ipfs.com/ipfs/Qmd3W5DuhgHirLHGVixi6V76LhCkZUz6pnFt5AJBiyvHye/avatar/743.jpg","id":15},{"firstname":"Samantha","lastname":"Gutmann","emailaddress":"sophie68@gmail.com","mobile":"0421538252","avatarurl":"https://cloudflare-ipfs.com/ipfs/Qmd3W5DuhgHirLHGVixi6V76LhCkZUz6pnFt5AJBiyvHye/avatar/146.jpg","id":16},{"firstname":"Kiana","lastname":"Goodwin","emailaddress":"nigel20@gmail.com","mobile":"0413096249","avatarurl":"https://cloudflare-ipfs.com/ipfs/Qmd3W5DuhgHirLHGVixi6V76LhCkZUz6pnFt5AJBiyvHye/avatar/713.jpg","id":17},{"firstname":"Clint","lastname":"Schmitt","emailaddress":"alicia99@gmail.com","mobile":"0483281557","avatarurl":"https://cloudflare-ipfs.com/ipfs/Qmd3W5DuhgHirLHGVixi6V76LhCkZUz6pnFt5AJBiyvHye/avatar/1107.jpg","id":18},{"firstname":"Eloise","lastname":"Schinner","emailaddress":"letha88@gmail.com","mobile":"0453056109","avatarurl":"https://cloudflare-ipfs.com/ipfs/Qmd3W5DuhgHirLHGVixi6V76LhCkZUz6pnFt5AJBiyvHye/avatar/125.jpg","id":19},{"firstname":"Amber","lastname":"Goldner","emailaddress":"xavier23@gmail.com","mobile":"0454405488","avatarurl":"https://cloudflare-ipfs.com/ipfs/Qmd3W5DuhgHirLHGVixi6V76LhCkZUz6pnFt5AJBiyvHye/avatar/603.jpg","id":20}]}
